{"image_size": [4032, 3040], "is_fisheye": false, "cm1": [[2515.331078887835, 0.0, 2030.1757299445874], [0.0, 2516.715480100044, 1487.493854298629], [0.0, 0.0, 1.0]], "cd1": [[0.026044268338532715, -0.10729940043152011, 0.0005478338379419104, -0.0007305683457998746, 0.08107128212542408]], "cm2": [[2508.092564219072, 0.0, 1993.2539110812631], [0.0, 2509.1713399655223, 1486.0462828119635], [0.0, 0.0, 1.0]], "cd2": [[0.03526092342771194, -0.1309909488384182, 0.0001574180590996571, 6.117374090117485e-05, 0.10278358529934614]], "R": [[0.9999644095724087, -0.008248246719951773, 0.0017737008064660565], [0.008275988471637519, 0.9998337468192281, -0.01624766864017845], [-0.001639391143497001, 0.01626176950613063, 0.9998664247034241]], "T": [[-200.32489669533493], [-1.7302072320224922], [-0.3375119436170052]]}