{"image_size": [4032, 3040], "is_fisheye": false, "cm1": [[3966.3397377286365, 0.0, 1871.9874364085033], [0.0, 3966.416150537807, 1526.2423438992414], [0.0, 0.0, 1.0]], "cd1": [[-0.4964475343938161, 0.30913403322150784, 0.002618757395992245, -0.0007465857524714744, -0.13533262860208803]], "cm2": [[3975.9198265238906, 0.0, 2139.4512163030345], [0.0, 3976.7696329685764, 1521.4596908421286], [0.0, 0.0, 1.0]], "cd2": [[-0.4926611101682769, 0.29256993665324127, 0.0003624114620617802, -0.00039257510971409907, -0.1126191390565389]], "R": [[0.9999042353674046, -0.013165574988740283, -0.004264707439193071], [0.013140567049613163, 0.9998966056939418, -0.005839813297397712], [0.0043411509926139695, 0.0057832133757711734, 0.9999738540837504]], "T": [[-199.6603644725665], [-3.8180398234659774], [-2.3762566225135915]]}