{"image_size": [4032, 3040], "is_fisheye": false, "cm1": [[2527.1652215565505, 0.0, 2040.616549858933], [0.0, 2528.303847352152, 1483.9463179308557], [0.0, 0.0, 1.0]], "cd1": [[0.04012723760019632, -0.152253401307041, 8.61236787361899e-05, 6.026450479118876e-05, 0.1285851522594479]], "cm2": [[2520.253197074429, 0.0, 2001.5571518454506], [0.0, 2520.6605207202288, 1484.0149427566405], [0.0, 0.0, 1.0]], "cd2": [[0.05069805465824975, -0.18329578253960402, -0.00023634533415522254, 0.0006943083236970321, 0.159528983960814]], "R": [[0.9999632863623706, -0.008231290644413615, 0.0023815502713022334], [0.008268431900883413, 0.9998373193824656, -0.016030215344342204], [-0.0022492134776415473, 0.016049318503061728, 0.9998686715835832]], "T": [[-200.00029321729443], [-1.9361631504038728], [-0.8074182266022137]]}